"Creative name","Dimensions (width x height)","Third-party tag","Landing page URL","Expanding direction","Expands on hover (""Yes"" or ""No"")","Requires HTML5 (""Yes"" or ""No"")","Requires MRAID (""Yes"" or ""No"")","Requires ping for attribution (""Yes"" or ""No"")","Integration code (Optional)","Notes (Optional)"
"insotel-de_v1mp_AO_dis_prs-1_BLACKFRIDAY_300x250","300x250","<iframe src=""https://ppj05.cdnwebcloud.com/INSOTEL/2024/11/bf/de/300x250/index.html?n_o_ct=${CLICK_URL_ENC}&link=https://www.insotelhotelgroup.com/de?utm_source=v1mp&utm_medium=dis-prs-1&utm_campaign=ao&utm_term=de&tc_alt=151967"" width=""300"" height=""250"" frameborder=""0"" scrolling=""no"" marginheight=""0"" marginwidth=""0""></iframe><script type=""text/javascript"" src=""//bucket.cdnwebcloud.com/n_one_vway_Insotel%20Hotel%20group.js?tc=151967&n_o_ord=${CACHEBUSTER}""></script>","https://www.insotelhotelgroup.com/de","","No","Yes","No","No","",""
"insotel-de_v1mp_AO_dis_prs-1_BLACKFRIDAY_300x600","300x600","<iframe src=""https://ppj05.cdnwebcloud.com/INSOTEL/2024/11/bf/de/300x600/index.html?n_o_ct=${CLICK_URL_ENC}&link=https://www.insotelhotelgroup.com/de?utm_source=v1mp&utm_medium=dis-prs-1&utm_campaign=ao&utm_term=de&tc_alt=151968"" width=""300"" height=""600"" frameborder=""0"" scrolling=""no"" marginheight=""0"" marginwidth=""0""></iframe><script type=""text/javascript"" src=""//bucket.cdnwebcloud.com/n_one_vway_Insotel%20Hotel%20group.js?tc=151968&n_o_ord=${CACHEBUSTER}""></script>","https://www.insotelhotelgroup.com/de","","No","Yes","No","No","",""
"insotel-de_v1mp_AO_dis_prs-1_BLACKFRIDAY_320x100","320x100","<iframe src=""https://ppj05.cdnwebcloud.com/INSOTEL/2024/11/bf/de/320x100/index.html?n_o_ct=${CLICK_URL_ENC}&link=https://www.insotelhotelgroup.com/de?utm_source=v1mp&utm_medium=dis-prs-1&utm_campaign=ao&utm_term=de&tc_alt=151969"" width=""320"" height=""100"" frameborder=""0"" scrolling=""no"" marginheight=""0"" marginwidth=""0""></iframe><script type=""text/javascript"" src=""//bucket.cdnwebcloud.com/n_one_vway_Insotel%20Hotel%20group.js?tc=151969&n_o_ord=${CACHEBUSTER}""></script>","https://www.insotelhotelgroup.com/de","","No","Yes","No","No","",""
"insotel-de_v1mp_AO_dis_prs-1_BLACKFRIDAY_970x250","970x250","<iframe src=""https://ppj05.cdnwebcloud.com/INSOTEL/2024/11/bf/de/970x250/index.html?n_o_ct=${CLICK_URL_ENC}&link=https://www.insotelhotelgroup.com/de?utm_source=v1mp&utm_medium=dis-prs-1&utm_campaign=ao&utm_term=de&tc_alt=151970"" width=""970"" height=""250"" frameborder=""0"" scrolling=""no"" marginheight=""0"" marginwidth=""0""></iframe><script type=""text/javascript"" src=""//bucket.cdnwebcloud.com/n_one_vway_Insotel%20Hotel%20group.js?tc=151970&n_o_ord=${CACHEBUSTER}""></script>","https://www.insotelhotelgroup.com/de","","No","Yes","No","No","",""
"insotel-de_v1mp_AO_dis_prs-1_BLACKFRIDAY_728x90","728x90","<iframe src=""https://ppj05.cdnwebcloud.com/INSOTEL/2024/11/bf/de/728x90/index.html?n_o_ct=${CLICK_URL_ENC}&link=https://www.insotelhotelgroup.com/de?utm_source=v1mp&utm_medium=dis-prs-1&utm_campaign=ao&utm_term=de&tc_alt=151971"" width=""728"" height=""90"" frameborder=""0"" scrolling=""no"" marginheight=""0"" marginwidth=""0""></iframe><script type=""text/javascript"" src=""//bucket.cdnwebcloud.com/n_one_vway_Insotel%20Hotel%20group.js?tc=151971&n_o_ord=${CACHEBUSTER}""></script>","https://www.insotelhotelgroup.com/de","","No","Yes","No","No","",""
"insotel-de_v1mp_AO_dis_prs-1_BLACKFRIDAY_160x600","160x600","<iframe src=""https://ppj05.cdnwebcloud.com/INSOTEL/2024/11/bf/de/160x600/index.html?n_o_ct=${CLICK_URL_ENC}&link=https://www.insotelhotelgroup.com/de?utm_source=v1mp&utm_medium=dis-prs-1&utm_campaign=ao&utm_term=de&tc_alt=151972"" width=""160"" height=""600"" frameborder=""0"" scrolling=""no"" marginheight=""0"" marginwidth=""0""></iframe><script type=""text/javascript"" src=""//bucket.cdnwebcloud.com/n_one_vway_Insotel%20Hotel%20group.js?tc=151972&n_o_ord=${CACHEBUSTER}""></script>","https://www.insotelhotelgroup.com/de","","No","Yes","No","No","",""
"insotel-de_v1mp_AO_dis_rtg-1_BLACKFRIDAY_300x250","300x250","<iframe src=""https://ppj05.cdnwebcloud.com/INSOTEL/2024/11/bf/de/300x250/index.html?n_o_ct=${CLICK_URL_ENC}&link=https://www.insotelhotelgroup.com/de?utm_source=v1mp&utm_medium=dis-rtg-1&utm_campaign=ao&utm_term=de&tc_alt=151973"" width=""300"" height=""250"" frameborder=""0"" scrolling=""no"" marginheight=""0"" marginwidth=""0""></iframe><script type=""text/javascript"" src=""//bucket.cdnwebcloud.com/n_one_vway_Insotel%20Hotel%20group.js?tc=151973&n_o_ord=${CACHEBUSTER}""></script>","https://www.insotelhotelgroup.com/de","","No","Yes","No","No","",""
"insotel-de_v1mp_AO_dis_rtg-1_BLACKFRIDAY_300x600","300x600","<iframe src=""https://ppj05.cdnwebcloud.com/INSOTEL/2024/11/bf/de/300x600/index.html?n_o_ct=${CLICK_URL_ENC}&link=https://www.insotelhotelgroup.com/de?utm_source=v1mp&utm_medium=dis-rtg-1&utm_campaign=ao&utm_term=de&tc_alt=151974"" width=""300"" height=""600"" frameborder=""0"" scrolling=""no"" marginheight=""0"" marginwidth=""0""></iframe><script type=""text/javascript"" src=""//bucket.cdnwebcloud.com/n_one_vway_Insotel%20Hotel%20group.js?tc=151974&n_o_ord=${CACHEBUSTER}""></script>","https://www.insotelhotelgroup.com/de","","No","Yes","No","No","",""
"insotel-de_v1mp_AO_dis_rtg-1_BLACKFRIDAY_320x100","320x100","<iframe src=""https://ppj05.cdnwebcloud.com/INSOTEL/2024/11/bf/de/320x100/index.html?n_o_ct=${CLICK_URL_ENC}&link=https://www.insotelhotelgroup.com/de?utm_source=v1mp&utm_medium=dis-rtg-1&utm_campaign=ao&utm_term=de&tc_alt=151975"" width=""320"" height=""100"" frameborder=""0"" scrolling=""no"" marginheight=""0"" marginwidth=""0""></iframe><script type=""text/javascript"" src=""//bucket.cdnwebcloud.com/n_one_vway_Insotel%20Hotel%20group.js?tc=151975&n_o_ord=${CACHEBUSTER}""></script>","https://www.insotelhotelgroup.com/de","","No","Yes","No","No","",""
"insotel-de_v1mp_AO_dis_rtg-1_BLACKFRIDAY_970x250","970x250","<iframe src=""https://ppj05.cdnwebcloud.com/INSOTEL/2024/11/bf/de/970x250/index.html?n_o_ct=${CLICK_URL_ENC}&link=https://www.insotelhotelgroup.com/de?utm_source=v1mp&utm_medium=dis-rtg-1&utm_campaign=ao&utm_term=de&tc_alt=151976"" width=""970"" height=""250"" frameborder=""0"" scrolling=""no"" marginheight=""0"" marginwidth=""0""></iframe><script type=""text/javascript"" src=""//bucket.cdnwebcloud.com/n_one_vway_Insotel%20Hotel%20group.js?tc=151976&n_o_ord=${CACHEBUSTER}""></script>","https://www.insotelhotelgroup.com/de","","No","Yes","No","No","",""
"insotel-de_v1mp_AO_dis_rtg-1_BLACKFRIDAY_728x90","728x90","<iframe src=""https://ppj05.cdnwebcloud.com/INSOTEL/2024/11/bf/de/728x90/index.html?n_o_ct=${CLICK_URL_ENC}&link=https://www.insotelhotelgroup.com/de?utm_source=v1mp&utm_medium=dis-rtg-1&utm_campaign=ao&utm_term=de&tc_alt=151977"" width=""728"" height=""90"" frameborder=""0"" scrolling=""no"" marginheight=""0"" marginwidth=""0""></iframe><script type=""text/javascript"" src=""//bucket.cdnwebcloud.com/n_one_vway_Insotel%20Hotel%20group.js?tc=151977&n_o_ord=${CACHEBUSTER}""></script>","https://www.insotelhotelgroup.com/de","","No","Yes","No","No","",""
"insotel-de_v1mp_AO_dis_rtg-1_BLACKFRIDAY_160x600","160x600","<iframe src=""https://ppj05.cdnwebcloud.com/INSOTEL/2024/11/bf/de/160x600/index.html?n_o_ct=${CLICK_URL_ENC}&link=https://www.insotelhotelgroup.com/de?utm_source=v1mp&utm_medium=dis-rtg-1&utm_campaign=ao&utm_term=de&tc_alt=151978"" width=""160"" height=""600"" frameborder=""0"" scrolling=""no"" marginheight=""0"" marginwidth=""0""></iframe><script type=""text/javascript"" src=""//bucket.cdnwebcloud.com/n_one_vway_Insotel%20Hotel%20group.js?tc=151978&n_o_ord=${CACHEBUSTER}""></script>","https://www.insotelhotelgroup.com/de","","No","Yes","No","No","",""
"insotel-es_v1mp_AO_dis_prs-1_BLACKFRIDAY_300x250","300x250","<iframe src=""https://ppj05.cdnwebcloud.com/INSOTEL/2024/11/bf/es/300x250/index.html?n_o_ct=${CLICK_URL_ENC}&link=https://www.insotelhotelgroup.com/?utm_source=v1mp&utm_medium=dis-prs-1&utm_campaign=ao&utm_term=es&tc_alt=151979"" width=""300"" height=""250"" frameborder=""0"" scrolling=""no"" marginheight=""0"" marginwidth=""0""></iframe><script type=""text/javascript"" src=""//bucket.cdnwebcloud.com/n_one_vway_Insotel%20Hotel%20group.js?tc=151979&n_o_ord=${CACHEBUSTER}""></script>","https://www.insotelhotelgroup.com/","","No","Yes","No","No","",""
"insotel-es_v1mp_AO_dis_prs-1_BLACKFRIDAY_300x600","300x600","<iframe src=""https://ppj05.cdnwebcloud.com/INSOTEL/2024/11/bf/es/300x600/index.html?n_o_ct=${CLICK_URL_ENC}&link=https://www.insotelhotelgroup.com/?utm_source=v1mp&utm_medium=dis-prs-1&utm_campaign=ao&utm_term=es&tc_alt=151980"" width=""300"" height=""600"" frameborder=""0"" scrolling=""no"" marginheight=""0"" marginwidth=""0""></iframe><script type=""text/javascript"" src=""//bucket.cdnwebcloud.com/n_one_vway_Insotel%20Hotel%20group.js?tc=151980&n_o_ord=${CACHEBUSTER}""></script>","https://www.insotelhotelgroup.com/","","No","Yes","No","No","",""
"insotel-es_v1mp_AO_dis_prs-1_BLACKFRIDAY_320x100","320x100","<iframe src=""https://ppj05.cdnwebcloud.com/INSOTEL/2024/11/bf/es/320x100/index.html?n_o_ct=${CLICK_URL_ENC}&link=https://www.insotelhotelgroup.com/?utm_source=v1mp&utm_medium=dis-prs-1&utm_campaign=ao&utm_term=es&tc_alt=151981"" width=""320"" height=""100"" frameborder=""0"" scrolling=""no"" marginheight=""0"" marginwidth=""0""></iframe><script type=""text/javascript"" src=""//bucket.cdnwebcloud.com/n_one_vway_Insotel%20Hotel%20group.js?tc=151981&n_o_ord=${CACHEBUSTER}""></script>","https://www.insotelhotelgroup.com/","","No","Yes","No","No","",""
"insotel-es_v1mp_AO_dis_prs-1_BLACKFRIDAY_970x250","970x250","<iframe src=""https://ppj05.cdnwebcloud.com/INSOTEL/2024/11/bf/es/970x250/index.html?n_o_ct=${CLICK_URL_ENC}&link=https://www.insotelhotelgroup.com/?utm_source=v1mp&utm_medium=dis-prs-1&utm_campaign=ao&utm_term=es&tc_alt=151982"" width=""970"" height=""250"" frameborder=""0"" scrolling=""no"" marginheight=""0"" marginwidth=""0""></iframe><script type=""text/javascript"" src=""//bucket.cdnwebcloud.com/n_one_vway_Insotel%20Hotel%20group.js?tc=151982&n_o_ord=${CACHEBUSTER}""></script>","https://www.insotelhotelgroup.com/","","No","Yes","No","No","",""
"insotel-es_v1mp_AO_dis_prs-1_BLACKFRIDAY_728x90","728x90","<iframe src=""https://ppj05.cdnwebcloud.com/INSOTEL/2024/11/bf/es/728x90/index.html?n_o_ct=${CLICK_URL_ENC}&link=https://www.insotelhotelgroup.com/?utm_source=v1mp&utm_medium=dis-prs-1&utm_campaign=ao&utm_term=es&tc_alt=151983"" width=""728"" height=""90"" frameborder=""0"" scrolling=""no"" marginheight=""0"" marginwidth=""0""></iframe><script type=""text/javascript"" src=""//bucket.cdnwebcloud.com/n_one_vway_Insotel%20Hotel%20group.js?tc=151983&n_o_ord=${CACHEBUSTER}""></script>","https://www.insotelhotelgroup.com/","","No","Yes","No","No","",""
"insotel-es_v1mp_AO_dis_prs-1_BLACKFRIDAY_160x600","160x600","<iframe src=""https://ppj05.cdnwebcloud.com/INSOTEL/2024/11/bf/es/160x600/index.html?n_o_ct=${CLICK_URL_ENC}&link=https://www.insotelhotelgroup.com/?utm_source=v1mp&utm_medium=dis-prs-1&utm_campaign=ao&utm_term=es&tc_alt=151984"" width=""160"" height=""600"" frameborder=""0"" scrolling=""no"" marginheight=""0"" marginwidth=""0""></iframe><script type=""text/javascript"" src=""//bucket.cdnwebcloud.com/n_one_vway_Insotel%20Hotel%20group.js?tc=151984&n_o_ord=${CACHEBUSTER}""></script>","https://www.insotelhotelgroup.com/","","No","Yes","No","No","",""
"insotel-es_v1mp_AO_dis_rtg-1_BLACKFRIDAY_300x250","300x250","<iframe src=""https://ppj05.cdnwebcloud.com/INSOTEL/2024/11/bf/es/300x250/index.html?n_o_ct=${CLICK_URL_ENC}&link=https://www.insotelhotelgroup.com/?utm_source=v1mp&utm_medium=dis-rtg-1&utm_campaign=ao&utm_term=es&tc_alt=151985"" width=""300"" height=""250"" frameborder=""0"" scrolling=""no"" marginheight=""0"" marginwidth=""0""></iframe><script type=""text/javascript"" src=""//bucket.cdnwebcloud.com/n_one_vway_Insotel%20Hotel%20group.js?tc=151985&n_o_ord=${CACHEBUSTER}""></script>","https://www.insotelhotelgroup.com/","","No","Yes","No","No","",""
"insotel-es_v1mp_AO_dis_rtg-1_BLACKFRIDAY_300x600","300x600","<iframe src=""https://ppj05.cdnwebcloud.com/INSOTEL/2024/11/bf/es/300x600/index.html?n_o_ct=${CLICK_URL_ENC}&link=https://www.insotelhotelgroup.com/?utm_source=v1mp&utm_medium=dis-rtg-1&utm_campaign=ao&utm_term=es&tc_alt=151986"" width=""300"" height=""600"" frameborder=""0"" scrolling=""no"" marginheight=""0"" marginwidth=""0""></iframe><script type=""text/javascript"" src=""//bucket.cdnwebcloud.com/n_one_vway_Insotel%20Hotel%20group.js?tc=151986&n_o_ord=${CACHEBUSTER}""></script>","https://www.insotelhotelgroup.com/","","No","Yes","No","No","",""
"insotel-es_v1mp_AO_dis_rtg-1_BLACKFRIDAY_320x100","320x100","<iframe src=""https://ppj05.cdnwebcloud.com/INSOTEL/2024/11/bf/es/320x100/index.html?n_o_ct=${CLICK_URL_ENC}&link=https://www.insotelhotelgroup.com/?utm_source=v1mp&utm_medium=dis-rtg-1&utm_campaign=ao&utm_term=es&tc_alt=151987"" width=""320"" height=""100"" frameborder=""0"" scrolling=""no"" marginheight=""0"" marginwidth=""0""></iframe><script type=""text/javascript"" src=""//bucket.cdnwebcloud.com/n_one_vway_Insotel%20Hotel%20group.js?tc=151987&n_o_ord=${CACHEBUSTER}""></script>","https://www.insotelhotelgroup.com/","","No","Yes","No","No","",""
"insotel-es_v1mp_AO_dis_rtg-1_BLACKFRIDAY_970x250","970x250","<iframe src=""https://ppj05.cdnwebcloud.com/INSOTEL/2024/11/bf/es/970x250/index.html?n_o_ct=${CLICK_URL_ENC}&link=https://www.insotelhotelgroup.com/?utm_source=v1mp&utm_medium=dis-rtg-1&utm_campaign=ao&utm_term=es&tc_alt=151988"" width=""970"" height=""250"" frameborder=""0"" scrolling=""no"" marginheight=""0"" marginwidth=""0""></iframe><script type=""text/javascript"" src=""//bucket.cdnwebcloud.com/n_one_vway_Insotel%20Hotel%20group.js?tc=151988&n_o_ord=${CACHEBUSTER}""></script>","https://www.insotelhotelgroup.com/","","No","Yes","No","No","",""
"insotel-es_v1mp_AO_dis_rtg-1_BLACKFRIDAY_728x90","728x90","<iframe src=""https://ppj05.cdnwebcloud.com/INSOTEL/2024/11/bf/es/728x90/index.html?n_o_ct=${CLICK_URL_ENC}&link=https://www.insotelhotelgroup.com/?utm_source=v1mp&utm_medium=dis-rtg-1&utm_campaign=ao&utm_term=es&tc_alt=151989"" width=""728"" height=""90"" frameborder=""0"" scrolling=""no"" marginheight=""0"" marginwidth=""0""></iframe><script type=""text/javascript"" src=""//bucket.cdnwebcloud.com/n_one_vway_Insotel%20Hotel%20group.js?tc=151989&n_o_ord=${CACHEBUSTER}""></script>","https://www.insotelhotelgroup.com/","","No","Yes","No","No","",""
"insotel-es_v1mp_AO_dis_rtg-1_BLACKFRIDAY_160x600","160x600","<iframe src=""https://ppj05.cdnwebcloud.com/INSOTEL/2024/11/bf/es/160x600/index.html?n_o_ct=${CLICK_URL_ENC}&link=https://www.insotelhotelgroup.com/?utm_source=v1mp&utm_medium=dis-rtg-1&utm_campaign=ao&utm_term=es&tc_alt=151990"" width=""160"" height=""600"" frameborder=""0"" scrolling=""no"" marginheight=""0"" marginwidth=""0""></iframe><script type=""text/javascript"" src=""//bucket.cdnwebcloud.com/n_one_vway_Insotel%20Hotel%20group.js?tc=151990&n_o_ord=${CACHEBUSTER}""></script>","https://www.insotelhotelgroup.com/","","No","Yes","No","No","",""
"insotel-gb_v1mp_AO_dis_prs-1_BLACKFRIDAY_300x250","300x250","<iframe src=""https://ppj05.cdnwebcloud.com/INSOTEL/2024/11/bf/gb/300x250/index.html?n_o_ct=${CLICK_URL_ENC}&link=https://www.insotelhotelgroup.com/en?utm_source=v1mp&utm_medium=dis-prs-1&utm_campaign=ao&utm_term=gb&tc_alt=151991"" width=""300"" height=""250"" frameborder=""0"" scrolling=""no"" marginheight=""0"" marginwidth=""0""></iframe><script type=""text/javascript"" src=""//bucket.cdnwebcloud.com/n_one_vway_Insotel%20Hotel%20group.js?tc=151991&n_o_ord=${CACHEBUSTER}""></script>","https://www.insotelhotelgroup.com/en","","No","Yes","No","No","",""
"insotel-gb_v1mp_AO_dis_prs-1_BLACKFRIDAY_300x600","300x600","<iframe src=""https://ppj05.cdnwebcloud.com/INSOTEL/2024/11/bf/gb/300x600/index.html?n_o_ct=${CLICK_URL_ENC}&link=https://www.insotelhotelgroup.com/en?utm_source=v1mp&utm_medium=dis-prs-1&utm_campaign=ao&utm_term=gb&tc_alt=151992"" width=""300"" height=""600"" frameborder=""0"" scrolling=""no"" marginheight=""0"" marginwidth=""0""></iframe><script type=""text/javascript"" src=""//bucket.cdnwebcloud.com/n_one_vway_Insotel%20Hotel%20group.js?tc=151992&n_o_ord=${CACHEBUSTER}""></script>","https://www.insotelhotelgroup.com/en","","No","Yes","No","No","",""
"insotel-gb_v1mp_AO_dis_prs-1_BLACKFRIDAY_320x100","320x100","<iframe src=""https://ppj05.cdnwebcloud.com/INSOTEL/2024/11/bf/gb/320x100/index.html?n_o_ct=${CLICK_URL_ENC}&link=https://www.insotelhotelgroup.com/en?utm_source=v1mp&utm_medium=dis-prs-1&utm_campaign=ao&utm_term=gb&tc_alt=151993"" width=""320"" height=""100"" frameborder=""0"" scrolling=""no"" marginheight=""0"" marginwidth=""0""></iframe><script type=""text/javascript"" src=""//bucket.cdnwebcloud.com/n_one_vway_Insotel%20Hotel%20group.js?tc=151993&n_o_ord=${CACHEBUSTER}""></script>","https://www.insotelhotelgroup.com/en","","No","Yes","No","No","",""
"insotel-gb_v1mp_AO_dis_prs-1_BLACKFRIDAY_970x250","970x250","<iframe src=""https://ppj05.cdnwebcloud.com/INSOTEL/2024/11/bf/gb/970x250/index.html?n_o_ct=${CLICK_URL_ENC}&link=https://www.insotelhotelgroup.com/en?utm_source=v1mp&utm_medium=dis-prs-1&utm_campaign=ao&utm_term=gb&tc_alt=151994"" width=""970"" height=""250"" frameborder=""0"" scrolling=""no"" marginheight=""0"" marginwidth=""0""></iframe><script type=""text/javascript"" src=""//bucket.cdnwebcloud.com/n_one_vway_Insotel%20Hotel%20group.js?tc=151994&n_o_ord=${CACHEBUSTER}""></script>","https://www.insotelhotelgroup.com/en","","No","Yes","No","No","",""
"insotel-gb_v1mp_AO_dis_prs-1_BLACKFRIDAY_728x90","728x90","<iframe src=""https://ppj05.cdnwebcloud.com/INSOTEL/2024/11/bf/gb/728x90/index.html?n_o_ct=${CLICK_URL_ENC}&link=https://www.insotelhotelgroup.com/en?utm_source=v1mp&utm_medium=dis-prs-1&utm_campaign=ao&utm_term=gb&tc_alt=151995"" width=""728"" height=""90"" frameborder=""0"" scrolling=""no"" marginheight=""0"" marginwidth=""0""></iframe><script type=""text/javascript"" src=""//bucket.cdnwebcloud.com/n_one_vway_Insotel%20Hotel%20group.js?tc=151995&n_o_ord=${CACHEBUSTER}""></script>","https://www.insotelhotelgroup.com/en","","No","Yes","No","No","",""
"insotel-gb_v1mp_AO_dis_prs-1_BLACKFRIDAY_160x600","160x600","<iframe src=""https://ppj05.cdnwebcloud.com/INSOTEL/2024/11/bf/gb/160x600/index.html?n_o_ct=${CLICK_URL_ENC}&link=https://www.insotelhotelgroup.com/en?utm_source=v1mp&utm_medium=dis-prs-1&utm_campaign=ao&utm_term=gb&tc_alt=151996"" width=""160"" height=""600"" frameborder=""0"" scrolling=""no"" marginheight=""0"" marginwidth=""0""></iframe><script type=""text/javascript"" src=""//bucket.cdnwebcloud.com/n_one_vway_Insotel%20Hotel%20group.js?tc=151996&n_o_ord=${CACHEBUSTER}""></script>","https://www.insotelhotelgroup.com/en","","No","Yes","No","No","",""
"insotel-gb_v1mp_AO_dis_rtg-1_BLACKFRIDAY_300x250","300x250","<iframe src=""https://ppj05.cdnwebcloud.com/INSOTEL/2024/11/bf/gb/300x250/index.html?n_o_ct=${CLICK_URL_ENC}&link=https://www.insotelhotelgroup.com/en?utm_source=v1mp&utm_medium=dis-rtg-1&utm_campaign=ao&utm_term=gb&tc_alt=151997"" width=""300"" height=""250"" frameborder=""0"" scrolling=""no"" marginheight=""0"" marginwidth=""0""></iframe><script type=""text/javascript"" src=""//bucket.cdnwebcloud.com/n_one_vway_Insotel%20Hotel%20group.js?tc=151997&n_o_ord=${CACHEBUSTER}""></script>","https://www.insotelhotelgroup.com/en","","No","Yes","No","No","",""
"insotel-gb_v1mp_AO_dis_rtg-1_BLACKFRIDAY_300x600","300x600","<iframe src=""https://ppj05.cdnwebcloud.com/INSOTEL/2024/11/bf/gb/300x600/index.html?n_o_ct=${CLICK_URL_ENC}&link=https://www.insotelhotelgroup.com/en?utm_source=v1mp&utm_medium=dis-rtg-1&utm_campaign=ao&utm_term=gb&tc_alt=151998"" width=""300"" height=""600"" frameborder=""0"" scrolling=""no"" marginheight=""0"" marginwidth=""0""></iframe><script type=""text/javascript"" src=""//bucket.cdnwebcloud.com/n_one_vway_Insotel%20Hotel%20group.js?tc=151998&n_o_ord=${CACHEBUSTER}""></script>","https://www.insotelhotelgroup.com/en","","No","Yes","No","No","",""
"insotel-gb_v1mp_AO_dis_rtg-1_BLACKFRIDAY_320x100","320x100","<iframe src=""https://ppj05.cdnwebcloud.com/INSOTEL/2024/11/bf/gb/320x100/index.html?n_o_ct=${CLICK_URL_ENC}&link=https://www.insotelhotelgroup.com/en?utm_source=v1mp&utm_medium=dis-rtg-1&utm_campaign=ao&utm_term=gb&tc_alt=151999"" width=""320"" height=""100"" frameborder=""0"" scrolling=""no"" marginheight=""0"" marginwidth=""0""></iframe><script type=""text/javascript"" src=""//bucket.cdnwebcloud.com/n_one_vway_Insotel%20Hotel%20group.js?tc=151999&n_o_ord=${CACHEBUSTER}""></script>","https://www.insotelhotelgroup.com/en","","No","Yes","No","No","",""
"insotel-gb_v1mp_AO_dis_rtg-1_BLACKFRIDAY_970x250","970x250","<iframe src=""https://ppj05.cdnwebcloud.com/INSOTEL/2024/11/bf/gb/970x250/index.html?n_o_ct=${CLICK_URL_ENC}&link=https://www.insotelhotelgroup.com/en?utm_source=v1mp&utm_medium=dis-rtg-1&utm_campaign=ao&utm_term=gb&tc_alt=152000"" width=""970"" height=""250"" frameborder=""0"" scrolling=""no"" marginheight=""0"" marginwidth=""0""></iframe><script type=""text/javascript"" src=""//bucket.cdnwebcloud.com/n_one_vway_Insotel%20Hotel%20group.js?tc=152000&n_o_ord=${CACHEBUSTER}""></script>","https://www.insotelhotelgroup.com/en","","No","Yes","No","No","",""
"insotel-gb_v1mp_AO_dis_rtg-1_BLACKFRIDAY_728x90","728x90","<iframe src=""https://ppj05.cdnwebcloud.com/INSOTEL/2024/11/bf/gb/728x90/index.html?n_o_ct=${CLICK_URL_ENC}&link=https://www.insotelhotelgroup.com/en?utm_source=v1mp&utm_medium=dis-rtg-1&utm_campaign=ao&utm_term=gb&tc_alt=152001"" width=""728"" height=""90"" frameborder=""0"" scrolling=""no"" marginheight=""0"" marginwidth=""0""></iframe><script type=""text/javascript"" src=""//bucket.cdnwebcloud.com/n_one_vway_Insotel%20Hotel%20group.js?tc=152001&n_o_ord=${CACHEBUSTER}""></script>","https://www.insotelhotelgroup.com/en","","No","Yes","No","No","",""
"insotel-gb_v1mp_AO_dis_rtg-1_BLACKFRIDAY_160x600","160x600","<iframe src=""https://ppj05.cdnwebcloud.com/INSOTEL/2024/11/bf/gb/160x600/index.html?n_o_ct=${CLICK_URL_ENC}&link=https://www.insotelhotelgroup.com/en?utm_source=v1mp&utm_medium=dis-rtg-1&utm_campaign=ao&utm_term=gb&tc_alt=152002"" width=""160"" height=""600"" frameborder=""0"" scrolling=""no"" marginheight=""0"" marginwidth=""0""></iframe><script type=""text/javascript"" src=""//bucket.cdnwebcloud.com/n_one_vway_Insotel%20Hotel%20group.js?tc=152002&n_o_ord=${CACHEBUSTER}""></script>","https://www.insotelhotelgroup.com/en","","No","Yes","No","No","",""
"insotel-row_v1mp_AO_dis_prs-1_BLACKFRIDAY_300x250","300x250","<iframe src=""https://ppj05.cdnwebcloud.com/INSOTEL/2024/11/bf/gb/300x250/index.html?n_o_ct=${CLICK_URL_ENC}&link=https://www.insotelhotelgroup.com/en?utm_source=v1mp&utm_medium=dis-prs-1&utm_campaign=ao&utm_term=row&tc_alt=152003"" width=""300"" height=""250"" frameborder=""0"" scrolling=""no"" marginheight=""0"" marginwidth=""0""></iframe><script type=""text/javascript"" src=""//bucket.cdnwebcloud.com/n_one_vway_Insotel%20Hotel%20group.js?tc=152003&n_o_ord=${CACHEBUSTER}""></script>","https://www.insotelhotelgroup.com/en","","No","Yes","No","No","",""
"insotel-row_v1mp_AO_dis_prs-1_BLACKFRIDAY_300x600","300x600","<iframe src=""https://ppj05.cdnwebcloud.com/INSOTEL/2024/11/bf/gb/300x600/index.html?n_o_ct=${CLICK_URL_ENC}&link=https://www.insotelhotelgroup.com/en?utm_source=v1mp&utm_medium=dis-prs-1&utm_campaign=ao&utm_term=row&tc_alt=152004"" width=""300"" height=""600"" frameborder=""0"" scrolling=""no"" marginheight=""0"" marginwidth=""0""></iframe><script type=""text/javascript"" src=""//bucket.cdnwebcloud.com/n_one_vway_Insotel%20Hotel%20group.js?tc=152004&n_o_ord=${CACHEBUSTER}""></script>","https://www.insotelhotelgroup.com/en","","No","Yes","No","No","",""
"insotel-row_v1mp_AO_dis_prs-1_BLACKFRIDAY_320x100","320x100","<iframe src=""https://ppj05.cdnwebcloud.com/INSOTEL/2024/11/bf/gb/320x100/index.html?n_o_ct=${CLICK_URL_ENC}&link=https://www.insotelhotelgroup.com/en?utm_source=v1mp&utm_medium=dis-prs-1&utm_campaign=ao&utm_term=row&tc_alt=152005"" width=""320"" height=""100"" frameborder=""0"" scrolling=""no"" marginheight=""0"" marginwidth=""0""></iframe><script type=""text/javascript"" src=""//bucket.cdnwebcloud.com/n_one_vway_Insotel%20Hotel%20group.js?tc=152005&n_o_ord=${CACHEBUSTER}""></script>","https://www.insotelhotelgroup.com/en","","No","Yes","No","No","",""
"insotel-row_v1mp_AO_dis_prs-1_BLACKFRIDAY_970x250","970x250","<iframe src=""https://ppj05.cdnwebcloud.com/INSOTEL/2024/11/bf/gb/970x250/index.html?n_o_ct=${CLICK_URL_ENC}&link=https://www.insotelhotelgroup.com/en?utm_source=v1mp&utm_medium=dis-prs-1&utm_campaign=ao&utm_term=row&tc_alt=152006"" width=""970"" height=""250"" frameborder=""0"" scrolling=""no"" marginheight=""0"" marginwidth=""0""></iframe><script type=""text/javascript"" src=""//bucket.cdnwebcloud.com/n_one_vway_Insotel%20Hotel%20group.js?tc=152006&n_o_ord=${CACHEBUSTER}""></script>","https://www.insotelhotelgroup.com/en","","No","Yes","No","No","",""
"insotel-row_v1mp_AO_dis_prs-1_BLACKFRIDAY_728x90","728x90","<iframe src=""https://ppj05.cdnwebcloud.com/INSOTEL/2024/11/bf/gb/728x90/index.html?n_o_ct=${CLICK_URL_ENC}&link=https://www.insotelhotelgroup.com/en?utm_source=v1mp&utm_medium=dis-prs-1&utm_campaign=ao&utm_term=row&tc_alt=152007"" width=""728"" height=""90"" frameborder=""0"" scrolling=""no"" marginheight=""0"" marginwidth=""0""></iframe><script type=""text/javascript"" src=""//bucket.cdnwebcloud.com/n_one_vway_Insotel%20Hotel%20group.js?tc=152007&n_o_ord=${CACHEBUSTER}""></script>","https://www.insotelhotelgroup.com/en","","No","Yes","No","No","",""
"insotel-row_v1mp_AO_dis_prs-1_BLACKFRIDAY_160x600","160x600","<iframe src=""https://ppj05.cdnwebcloud.com/INSOTEL/2024/11/bf/gb/160x600/index.html?n_o_ct=${CLICK_URL_ENC}&link=https://www.insotelhotelgroup.com/en?utm_source=v1mp&utm_medium=dis-prs-1&utm_campaign=ao&utm_term=row&tc_alt=152008"" width=""160"" height=""600"" frameborder=""0"" scrolling=""no"" marginheight=""0"" marginwidth=""0""></iframe><script type=""text/javascript"" src=""//bucket.cdnwebcloud.com/n_one_vway_Insotel%20Hotel%20group.js?tc=152008&n_o_ord=${CACHEBUSTER}""></script>","https://www.insotelhotelgroup.com/en","","No","Yes","No","No","",""
"insotel-row_v1mp_AO_dis_rtg-1_BLACKFRIDAY_300x250","300x250","<iframe src=""https://ppj05.cdnwebcloud.com/INSOTEL/2024/11/bf/gb/300x250/index.html?n_o_ct=${CLICK_URL_ENC}&link=https://www.insotelhotelgroup.com/en?utm_source=v1mp&utm_medium=dis-rtg-1&utm_campaign=ao&utm_term=row&tc_alt=152009"" width=""300"" height=""250"" frameborder=""0"" scrolling=""no"" marginheight=""0"" marginwidth=""0""></iframe><script type=""text/javascript"" src=""//bucket.cdnwebcloud.com/n_one_vway_Insotel%20Hotel%20group.js?tc=152009&n_o_ord=${CACHEBUSTER}""></script>","https://www.insotelhotelgroup.com/en","","No","Yes","No","No","",""
"insotel-row_v1mp_AO_dis_rtg-1_BLACKFRIDAY_300x600","300x600","<iframe src=""https://ppj05.cdnwebcloud.com/INSOTEL/2024/11/bf/gb/300x600/index.html?n_o_ct=${CLICK_URL_ENC}&link=https://www.insotelhotelgroup.com/en?utm_source=v1mp&utm_medium=dis-rtg-1&utm_campaign=ao&utm_term=row&tc_alt=152010"" width=""300"" height=""600"" frameborder=""0"" scrolling=""no"" marginheight=""0"" marginwidth=""0""></iframe><script type=""text/javascript"" src=""//bucket.cdnwebcloud.com/n_one_vway_Insotel%20Hotel%20group.js?tc=152010&n_o_ord=${CACHEBUSTER}""></script>","https://www.insotelhotelgroup.com/en","","No","Yes","No","No","",""
"insotel-row_v1mp_AO_dis_rtg-1_BLACKFRIDAY_320x100","320x100","<iframe src=""https://ppj05.cdnwebcloud.com/INSOTEL/2024/11/bf/gb/320x100/index.html?n_o_ct=${CLICK_URL_ENC}&link=https://www.insotelhotelgroup.com/en?utm_source=v1mp&utm_medium=dis-rtg-1&utm_campaign=ao&utm_term=row&tc_alt=152011"" width=""320"" height=""100"" frameborder=""0"" scrolling=""no"" marginheight=""0"" marginwidth=""0""></iframe><script type=""text/javascript"" src=""//bucket.cdnwebcloud.com/n_one_vway_Insotel%20Hotel%20group.js?tc=152011&n_o_ord=${CACHEBUSTER}""></script>","https://www.insotelhotelgroup.com/en","","No","Yes","No","No","",""
"insotel-row_v1mp_AO_dis_rtg-1_BLACKFRIDAY_970x250","970x250","<iframe src=""https://ppj05.cdnwebcloud.com/INSOTEL/2024/11/bf/gb/970x250/index.html?n_o_ct=${CLICK_URL_ENC}&link=https://www.insotelhotelgroup.com/en?utm_source=v1mp&utm_medium=dis-rtg-1&utm_campaign=ao&utm_term=row&tc_alt=152012"" width=""970"" height=""250"" frameborder=""0"" scrolling=""no"" marginheight=""0"" marginwidth=""0""></iframe><script type=""text/javascript"" src=""//bucket.cdnwebcloud.com/n_one_vway_Insotel%20Hotel%20group.js?tc=152012&n_o_ord=${CACHEBUSTER}""></script>","https://www.insotelhotelgroup.com/en","","No","Yes","No","No","",""
"insotel-row_v1mp_AO_dis_rtg-1_BLACKFRIDAY_728x90","728x90","<iframe src=""https://ppj05.cdnwebcloud.com/INSOTEL/2024/11/bf/gb/728x90/index.html?n_o_ct=${CLICK_URL_ENC}&link=https://www.insotelhotelgroup.com/en?utm_source=v1mp&utm_medium=dis-rtg-1&utm_campaign=ao&utm_term=row&tc_alt=152013"" width=""728"" height=""90"" frameborder=""0"" scrolling=""no"" marginheight=""0"" marginwidth=""0""></iframe><script type=""text/javascript"" src=""//bucket.cdnwebcloud.com/n_one_vway_Insotel%20Hotel%20group.js?tc=152013&n_o_ord=${CACHEBUSTER}""></script>","https://www.insotelhotelgroup.com/en","","No","Yes","No","No","",""
"insotel-row_v1mp_AO_dis_rtg-1_BLACKFRIDAY_160x600","160x600","<iframe src=""https://ppj05.cdnwebcloud.com/INSOTEL/2024/11/bf/gb/160x600/index.html?n_o_ct=${CLICK_URL_ENC}&link=https://www.insotelhotelgroup.com/en?utm_source=v1mp&utm_medium=dis-rtg-1&utm_campaign=ao&utm_term=row&tc_alt=152014"" width=""160"" height=""600"" frameborder=""0"" scrolling=""no"" marginheight=""0"" marginwidth=""0""></iframe><script type=""text/javascript"" src=""//bucket.cdnwebcloud.com/n_one_vway_Insotel%20Hotel%20group.js?tc=152014&n_o_ord=${CACHEBUSTER}""></script>","https://www.insotelhotelgroup.com/en","","No","Yes","No","No","",""
"insotel-pt_v1mp_AO_dis_prs-1_BLACKFRIDAY_300x250","300x250","<iframe src=""https://ppj05.cdnwebcloud.com/INSOTEL/2024/11/bf/pt/300x250/index.html?n_o_ct=${CLICK_URL_ENC}&link=https://www.insotelhotelgroup.com/en?utm_source=v1mp&utm_medium=dis-prs-1&utm_campaign=ao&utm_term=pt&tc_alt=152015"" width=""300"" height=""250"" frameborder=""0"" scrolling=""no"" marginheight=""0"" marginwidth=""0""></iframe><script type=""text/javascript"" src=""//bucket.cdnwebcloud.com/n_one_vway_Insotel%20Hotel%20group.js?tc=152015&n_o_ord=${CACHEBUSTER}""></script>","https://www.insotelhotelgroup.com/en","","No","Yes","No","No","",""
"insotel-pt_v1mp_AO_dis_prs-1_BLACKFRIDAY_300x600","300x600","<iframe src=""https://ppj05.cdnwebcloud.com/INSOTEL/2024/11/bf/pt/300x600/index.html?n_o_ct=${CLICK_URL_ENC}&link=https://www.insotelhotelgroup.com/en?utm_source=v1mp&utm_medium=dis-prs-1&utm_campaign=ao&utm_term=pt&tc_alt=152016"" width=""300"" height=""600"" frameborder=""0"" scrolling=""no"" marginheight=""0"" marginwidth=""0""></iframe><script type=""text/javascript"" src=""//bucket.cdnwebcloud.com/n_one_vway_Insotel%20Hotel%20group.js?tc=152016&n_o_ord=${CACHEBUSTER}""></script>","https://www.insotelhotelgroup.com/en","","No","Yes","No","No","",""
"insotel-pt_v1mp_AO_dis_prs-1_BLACKFRIDAY_320x100","320x100","<iframe src=""https://ppj05.cdnwebcloud.com/INSOTEL/2024/11/bf/pt/320x100/index.html?n_o_ct=${CLICK_URL_ENC}&link=https://www.insotelhotelgroup.com/en?utm_source=v1mp&utm_medium=dis-prs-1&utm_campaign=ao&utm_term=pt&tc_alt=152017"" width=""320"" height=""100"" frameborder=""0"" scrolling=""no"" marginheight=""0"" marginwidth=""0""></iframe><script type=""text/javascript"" src=""//bucket.cdnwebcloud.com/n_one_vway_Insotel%20Hotel%20group.js?tc=152017&n_o_ord=${CACHEBUSTER}""></script>","https://www.insotelhotelgroup.com/en","","No","Yes","No","No","",""
"insotel-pt_v1mp_AO_dis_prs-1_BLACKFRIDAY_970x250","970x250","<iframe src=""https://ppj05.cdnwebcloud.com/INSOTEL/2024/11/bf/pt/970x250/index.html?n_o_ct=${CLICK_URL_ENC}&link=https://www.insotelhotelgroup.com/en?utm_source=v1mp&utm_medium=dis-prs-1&utm_campaign=ao&utm_term=pt&tc_alt=152018"" width=""970"" height=""250"" frameborder=""0"" scrolling=""no"" marginheight=""0"" marginwidth=""0""></iframe><script type=""text/javascript"" src=""//bucket.cdnwebcloud.com/n_one_vway_Insotel%20Hotel%20group.js?tc=152018&n_o_ord=${CACHEBUSTER}""></script>","https://www.insotelhotelgroup.com/en","","No","Yes","No","No","",""
"insotel-pt_v1mp_AO_dis_prs-1_BLACKFRIDAY_728x90","728x90","<iframe src=""https://ppj05.cdnwebcloud.com/INSOTEL/2024/11/bf/pt/728x90/index.html?n_o_ct=${CLICK_URL_ENC}&link=https://www.insotelhotelgroup.com/en?utm_source=v1mp&utm_medium=dis-prs-1&utm_campaign=ao&utm_term=pt&tc_alt=152019"" width=""728"" height=""90"" frameborder=""0"" scrolling=""no"" marginheight=""0"" marginwidth=""0""></iframe><script type=""text/javascript"" src=""//bucket.cdnwebcloud.com/n_one_vway_Insotel%20Hotel%20group.js?tc=152019&n_o_ord=${CACHEBUSTER}""></script>","https://www.insotelhotelgroup.com/en","","No","Yes","No","No","",""
"insotel-pt_v1mp_AO_dis_prs-1_BLACKFRIDAY_160x600","160x600","<iframe src=""https://ppj05.cdnwebcloud.com/INSOTEL/2024/11/bf/pt/160x600/index.html?n_o_ct=${CLICK_URL_ENC}&link=https://www.insotelhotelgroup.com/en?utm_source=v1mp&utm_medium=dis-prs-1&utm_campaign=ao&utm_term=pt&tc_alt=152020"" width=""160"" height=""600"" frameborder=""0"" scrolling=""no"" marginheight=""0"" marginwidth=""0""></iframe><script type=""text/javascript"" src=""//bucket.cdnwebcloud.com/n_one_vway_Insotel%20Hotel%20group.js?tc=152020&n_o_ord=${CACHEBUSTER}""></script>","https://www.insotelhotelgroup.com/en","","No","Yes","No","No","",""
"insotel-pt_v1mp_AO_dis_rtg-1_BLACKFRIDAY_300x250","300x250","<iframe src=""https://ppj05.cdnwebcloud.com/INSOTEL/2024/11/bf/pt/300x250/index.html?n_o_ct=${CLICK_URL_ENC}&link=https://www.insotelhotelgroup.com/en?utm_source=v1mp&utm_medium=dis-rtg-1&utm_campaign=ao&utm_term=pt&tc_alt=152021"" width=""300"" height=""250"" frameborder=""0"" scrolling=""no"" marginheight=""0"" marginwidth=""0""></iframe><script type=""text/javascript"" src=""//bucket.cdnwebcloud.com/n_one_vway_Insotel%20Hotel%20group.js?tc=152021&n_o_ord=${CACHEBUSTER}""></script>","https://www.insotelhotelgroup.com/en","","No","Yes","No","No","",""
"insotel-pt_v1mp_AO_dis_rtg-1_BLACKFRIDAY_300x600","300x600","<iframe src=""https://ppj05.cdnwebcloud.com/INSOTEL/2024/11/bf/pt/300x600/index.html?n_o_ct=${CLICK_URL_ENC}&link=https://www.insotelhotelgroup.com/en?utm_source=v1mp&utm_medium=dis-rtg-1&utm_campaign=ao&utm_term=pt&tc_alt=152022"" width=""300"" height=""600"" frameborder=""0"" scrolling=""no"" marginheight=""0"" marginwidth=""0""></iframe><script type=""text/javascript"" src=""//bucket.cdnwebcloud.com/n_one_vway_Insotel%20Hotel%20group.js?tc=152022&n_o_ord=${CACHEBUSTER}""></script>","https://www.insotelhotelgroup.com/en","","No","Yes","No","No","",""
"insotel-pt_v1mp_AO_dis_rtg-1_BLACKFRIDAY_320x100","320x100","<iframe src=""https://ppj05.cdnwebcloud.com/INSOTEL/2024/11/bf/pt/320x100/index.html?n_o_ct=${CLICK_URL_ENC}&link=https://www.insotelhotelgroup.com/en?utm_source=v1mp&utm_medium=dis-rtg-1&utm_campaign=ao&utm_term=pt&tc_alt=152023"" width=""320"" height=""100"" frameborder=""0"" scrolling=""no"" marginheight=""0"" marginwidth=""0""></iframe><script type=""text/javascript"" src=""//bucket.cdnwebcloud.com/n_one_vway_Insotel%20Hotel%20group.js?tc=152023&n_o_ord=${CACHEBUSTER}""></script>","https://www.insotelhotelgroup.com/en","","No","Yes","No","No","",""
"insotel-pt_v1mp_AO_dis_rtg-1_BLACKFRIDAY_970x250","970x250","<iframe src=""https://ppj05.cdnwebcloud.com/INSOTEL/2024/11/bf/pt/970x250/index.html?n_o_ct=${CLICK_URL_ENC}&link=https://www.insotelhotelgroup.com/en?utm_source=v1mp&utm_medium=dis-rtg-1&utm_campaign=ao&utm_term=pt&tc_alt=152024"" width=""970"" height=""250"" frameborder=""0"" scrolling=""no"" marginheight=""0"" marginwidth=""0""></iframe><script type=""text/javascript"" src=""//bucket.cdnwebcloud.com/n_one_vway_Insotel%20Hotel%20group.js?tc=152024&n_o_ord=${CACHEBUSTER}""></script>","https://www.insotelhotelgroup.com/en","","No","Yes","No","No","",""
"insotel-pt_v1mp_AO_dis_rtg-1_BLACKFRIDAY_728x90","728x90","<iframe src=""https://ppj05.cdnwebcloud.com/INSOTEL/2024/11/bf/pt/728x90/index.html?n_o_ct=${CLICK_URL_ENC}&link=https://www.insotelhotelgroup.com/en?utm_source=v1mp&utm_medium=dis-rtg-1&utm_campaign=ao&utm_term=pt&tc_alt=152025"" width=""728"" height=""90"" frameborder=""0"" scrolling=""no"" marginheight=""0"" marginwidth=""0""></iframe><script type=""text/javascript"" src=""//bucket.cdnwebcloud.com/n_one_vway_Insotel%20Hotel%20group.js?tc=152025&n_o_ord=${CACHEBUSTER}""></script>","https://www.insotelhotelgroup.com/en","","No","Yes","No","No","",""
"insotel-pt_v1mp_AO_dis_rtg-1_BLACKFRIDAY_160x600","160x600","<iframe src=""https://ppj05.cdnwebcloud.com/INSOTEL/2024/11/bf/pt/160x600/index.html?n_o_ct=${CLICK_URL_ENC}&link=https://www.insotelhotelgroup.com/en?utm_source=v1mp&utm_medium=dis-rtg-1&utm_campaign=ao&utm_term=pt&tc_alt=152026"" width=""160"" height=""600"" frameborder=""0"" scrolling=""no"" marginheight=""0"" marginwidth=""0""></iframe><script type=""text/javascript"" src=""//bucket.cdnwebcloud.com/n_one_vway_Insotel%20Hotel%20group.js?tc=152026&n_o_ord=${CACHEBUSTER}""></script>","https://www.insotelhotelgroup.com/en","","No","Yes","No","No","",""
"insotel-it_v1mp_AO_dis_prs-1_BLACKFRIDAY_300x250","300x250","<iframe src=""https://ppj05.cdnwebcloud.com/INSOTEL/2024/11/bf/it/300x250/index.html?n_o_ct=${CLICK_URL_ENC}&link=https://www.insotelhotelgroup.com/it?utm_source=v1mp&utm_medium=dis-prs-1&utm_campaign=ao&utm_term=it&tc_alt=152027"" width=""300"" height=""250"" frameborder=""0"" scrolling=""no"" marginheight=""0"" marginwidth=""0""></iframe><script type=""text/javascript"" src=""//bucket.cdnwebcloud.com/n_one_vway_Insotel%20Hotel%20group.js?tc=152027&n_o_ord=${CACHEBUSTER}""></script>","https://www.insotelhotelgroup.com/it","","No","Yes","No","No","",""
"insotel-it_v1mp_AO_dis_prs-1_BLACKFRIDAY_300x600","300x600","<iframe src=""https://ppj05.cdnwebcloud.com/INSOTEL/2024/11/bf/it/300x600/index.html?n_o_ct=${CLICK_URL_ENC}&link=https://www.insotelhotelgroup.com/it?utm_source=v1mp&utm_medium=dis-prs-1&utm_campaign=ao&utm_term=it&tc_alt=152028"" width=""300"" height=""600"" frameborder=""0"" scrolling=""no"" marginheight=""0"" marginwidth=""0""></iframe><script type=""text/javascript"" src=""//bucket.cdnwebcloud.com/n_one_vway_Insotel%20Hotel%20group.js?tc=152028&n_o_ord=${CACHEBUSTER}""></script>","https://www.insotelhotelgroup.com/it","","No","Yes","No","No","",""
"insotel-it_v1mp_AO_dis_prs-1_BLACKFRIDAY_320x100","320x100","<iframe src=""https://ppj05.cdnwebcloud.com/INSOTEL/2024/11/bf/it/320x100/index.html?n_o_ct=${CLICK_URL_ENC}&link=https://www.insotelhotelgroup.com/it?utm_source=v1mp&utm_medium=dis-prs-1&utm_campaign=ao&utm_term=it&tc_alt=152029"" width=""320"" height=""100"" frameborder=""0"" scrolling=""no"" marginheight=""0"" marginwidth=""0""></iframe><script type=""text/javascript"" src=""//bucket.cdnwebcloud.com/n_one_vway_Insotel%20Hotel%20group.js?tc=152029&n_o_ord=${CACHEBUSTER}""></script>","https://www.insotelhotelgroup.com/it","","No","Yes","No","No","",""
"insotel-it_v1mp_AO_dis_prs-1_BLACKFRIDAY_970x250","970x250","<iframe src=""https://ppj05.cdnwebcloud.com/INSOTEL/2024/11/bf/it/970x250/index.html?n_o_ct=${CLICK_URL_ENC}&link=https://www.insotelhotelgroup.com/it?utm_source=v1mp&utm_medium=dis-prs-1&utm_campaign=ao&utm_term=it&tc_alt=152030"" width=""970"" height=""250"" frameborder=""0"" scrolling=""no"" marginheight=""0"" marginwidth=""0""></iframe><script type=""text/javascript"" src=""//bucket.cdnwebcloud.com/n_one_vway_Insotel%20Hotel%20group.js?tc=152030&n_o_ord=${CACHEBUSTER}""></script>","https://www.insotelhotelgroup.com/it","","No","Yes","No","No","",""
"insotel-it_v1mp_AO_dis_prs-1_BLACKFRIDAY_728x90","728x90","<iframe src=""https://ppj05.cdnwebcloud.com/INSOTEL/2024/11/bf/it/728x90/index.html?n_o_ct=${CLICK_URL_ENC}&link=https://www.insotelhotelgroup.com/it?utm_source=v1mp&utm_medium=dis-prs-1&utm_campaign=ao&utm_term=it&tc_alt=152031"" width=""728"" height=""90"" frameborder=""0"" scrolling=""no"" marginheight=""0"" marginwidth=""0""></iframe><script type=""text/javascript"" src=""//bucket.cdnwebcloud.com/n_one_vway_Insotel%20Hotel%20group.js?tc=152031&n_o_ord=${CACHEBUSTER}""></script>","https://www.insotelhotelgroup.com/it","","No","Yes","No","No","",""
"insotel-it_v1mp_AO_dis_prs-1_BLACKFRIDAY_160x600","160x600","<iframe src=""https://ppj05.cdnwebcloud.com/INSOTEL/2024/11/bf/it/160x600/index.html?n_o_ct=${CLICK_URL_ENC}&link=https://www.insotelhotelgroup.com/it?utm_source=v1mp&utm_medium=dis-prs-1&utm_campaign=ao&utm_term=it&tc_alt=152032"" width=""160"" height=""600"" frameborder=""0"" scrolling=""no"" marginheight=""0"" marginwidth=""0""></iframe><script type=""text/javascript"" src=""//bucket.cdnwebcloud.com/n_one_vway_Insotel%20Hotel%20group.js?tc=152032&n_o_ord=${CACHEBUSTER}""></script>","https://www.insotelhotelgroup.com/it","","No","Yes","No","No","",""
"insotel-it_v1mp_AO_dis_rtg-1_BLACKFRIDAY_300x250","300x250","<iframe src=""https://ppj05.cdnwebcloud.com/INSOTEL/2024/11/bf/it/300x250/index.html?n_o_ct=${CLICK_URL_ENC}&link=https://www.insotelhotelgroup.com/it?utm_source=v1mp&utm_medium=dis-rtg-1&utm_campaign=ao&utm_term=it&tc_alt=152033"" width=""300"" height=""250"" frameborder=""0"" scrolling=""no"" marginheight=""0"" marginwidth=""0""></iframe><script type=""text/javascript"" src=""//bucket.cdnwebcloud.com/n_one_vway_Insotel%20Hotel%20group.js?tc=152033&n_o_ord=${CACHEBUSTER}""></script>","https://www.insotelhotelgroup.com/it","","No","Yes","No","No","",""
"insotel-it_v1mp_AO_dis_rtg-1_BLACKFRIDAY_300x600","300x600","<iframe src=""https://ppj05.cdnwebcloud.com/INSOTEL/2024/11/bf/it/300x600/index.html?n_o_ct=${CLICK_URL_ENC}&link=https://www.insotelhotelgroup.com/it?utm_source=v1mp&utm_medium=dis-rtg-1&utm_campaign=ao&utm_term=it&tc_alt=152034"" width=""300"" height=""600"" frameborder=""0"" scrolling=""no"" marginheight=""0"" marginwidth=""0""></iframe><script type=""text/javascript"" src=""//bucket.cdnwebcloud.com/n_one_vway_Insotel%20Hotel%20group.js?tc=152034&n_o_ord=${CACHEBUSTER}""></script>","https://www.insotelhotelgroup.com/it","","No","Yes","No","No","",""
"insotel-it_v1mp_AO_dis_rtg-1_BLACKFRIDAY_320x100","320x100","<iframe src=""https://ppj05.cdnwebcloud.com/INSOTEL/2024/11/bf/it/320x100/index.html?n_o_ct=${CLICK_URL_ENC}&link=https://www.insotelhotelgroup.com/it?utm_source=v1mp&utm_medium=dis-rtg-1&utm_campaign=ao&utm_term=it&tc_alt=152035"" width=""320"" height=""100"" frameborder=""0"" scrolling=""no"" marginheight=""0"" marginwidth=""0""></iframe><script type=""text/javascript"" src=""//bucket.cdnwebcloud.com/n_one_vway_Insotel%20Hotel%20group.js?tc=152035&n_o_ord=${CACHEBUSTER}""></script>","https://www.insotelhotelgroup.com/it","","No","Yes","No","No","",""
"insotel-it_v1mp_AO_dis_rtg-1_BLACKFRIDAY_970x250","970x250","<iframe src=""https://ppj05.cdnwebcloud.com/INSOTEL/2024/11/bf/it/970x250/index.html?n_o_ct=${CLICK_URL_ENC}&link=https://www.insotelhotelgroup.com/it?utm_source=v1mp&utm_medium=dis-rtg-1&utm_campaign=ao&utm_term=it&tc_alt=152036"" width=""970"" height=""250"" frameborder=""0"" scrolling=""no"" marginheight=""0"" marginwidth=""0""></iframe><script type=""text/javascript"" src=""//bucket.cdnwebcloud.com/n_one_vway_Insotel%20Hotel%20group.js?tc=152036&n_o_ord=${CACHEBUSTER}""></script>","https://www.insotelhotelgroup.com/it","","No","Yes","No","No","",""
"insotel-it_v1mp_AO_dis_rtg-1_BLACKFRIDAY_728x90","728x90","<iframe src=""https://ppj05.cdnwebcloud.com/INSOTEL/2024/11/bf/it/728x90/index.html?n_o_ct=${CLICK_URL_ENC}&link=https://www.insotelhotelgroup.com/it?utm_source=v1mp&utm_medium=dis-rtg-1&utm_campaign=ao&utm_term=it&tc_alt=152037"" width=""728"" height=""90"" frameborder=""0"" scrolling=""no"" marginheight=""0"" marginwidth=""0""></iframe><script type=""text/javascript"" src=""//bucket.cdnwebcloud.com/n_one_vway_Insotel%20Hotel%20group.js?tc=152037&n_o_ord=${CACHEBUSTER}""></script>","https://www.insotelhotelgroup.com/it","","No","Yes","No","No","",""
"insotel-it_v1mp_AO_dis_rtg-1_BLACKFRIDAY_160x600","160x600","<iframe src=""https://ppj05.cdnwebcloud.com/INSOTEL/2024/11/bf/it/160x600/index.html?n_o_ct=${CLICK_URL_ENC}&link=https://www.insotelhotelgroup.com/it?utm_source=v1mp&utm_medium=dis-rtg-1&utm_campaign=ao&utm_term=it&tc_alt=152038"" width=""160"" height=""600"" frameborder=""0"" scrolling=""no"" marginheight=""0"" marginwidth=""0""></iframe><script type=""text/javascript"" src=""//bucket.cdnwebcloud.com/n_one_vway_Insotel%20Hotel%20group.js?tc=152038&n_o_ord=${CACHEBUSTER}""></script>","https://www.insotelhotelgroup.com/it","","No","Yes","No","No","",""
